,count,unique,top,freq,mean,std,min,25%,50%,75%,max
gender,96146,3,Female,56161,,,,,,,
age,96146.0,,,,41.79432571297818,22.46294757741935,0.08,24.0,43.0,59.0,80.0
hypertension,96146.0,,,,0.07760073221974913,0.2675436470322741,0.0,0.0,0.0,0.0,1.0
heart_disease,96146.0,,,,0.04080252948640609,0.19783349095456865,0.0,0.0,0.0,0.0,1.0
smoking_history,96146,6,never,34398,,,,,,,
bmi,96146.0,,,,27.32146111122667,6.767715560480338,10.01,23.4,27.32,29.86,95.69
HbA1c_level,96146.0,,,,5.532608740873256,1.0732320256443277,3.5,4.8,5.8,6.2,9.0
blood_glucose_level,96146.0,,,,138.21823060761758,40.909771362746795,80.0,100.0,140.0,159.0,300.0
diabetes,96146.0,,,,0.08821999875189815,0.28361605595642964,0.0,0.0,0.0,0.0,1.0
