Model,Feature,Importance_Mean,Importance_SD
Logistic Regression,AgeinYr,0.026838413279515073,0.0013881599062249752
Logistic Regression,gender,5.706538574956621e-06,3.6196635764668607e-06
Logistic Regression,height,-1.0301110056731844e-06,4.031737578169534e-05
Logistic Regression,weight,0.0020746169889947486,0.00034886733898500797
Logistic Regression,ap_hi,0.16980488655745757,0.003155410373174291
Logistic Regression,ap_lo,0.0016381582116984927,0.0004800737880268769
Logistic Regression,cholesterol,0.027306819317849285,0.001031370759131886
Logistic Regression,gluc,0.0011020029737785376,0.0004008481846006603
Logistic Regression,smoke,0.0006387836347190645,0.00019682204748181788
Logistic Regression,alco,0.000456608131273295,0.00020803725720126314
Logistic Regression,active,0.00246174312301517,0.0003517559881488492
Logistic Regression,BMI,0.0004526556516866065,0.0001660501797150946
Decision Tree,AgeinYr,0.03714208107426491,0.0015215098877002754
Decision Tree,gender,5.31926361159063e-05,0.0001059968635436561
Decision Tree,height,0.0001936406708320848,0.00011964543460608288
Decision Tree,weight,0.00018189485400755824,0.0002701670141403838
Decision Tree,ap_hi,0.20235311052914634,0.00368174534430661
Decision Tree,ap_lo,0.0016699268776393162,0.00042682201077282126
Decision Tree,cholesterol,0.03349968509857369,0.0014726345595118173
Decision Tree,gluc,0.0003219357344254048,0.0002539167135223111
Decision Tree,smoke,-7.942485405064703e-05,7.654525013007123e-05
Decision Tree,alco,0.0,0.0
Decision Tree,active,0.0015352023905548684,0.0003227830537118401
Decision Tree,BMI,0.0022180756267741963,0.0007724125129485928
Random Forest,AgeinYr,0.033704024466167645,0.0014169558514655614
Random Forest,gender,0.0007348242111848702,0.00024377538146724048
Random Forest,height,0.00021692713273275822,0.00020515508624151024
Random Forest,weight,0.0018629318349715819,0.0004217035304402456
Random Forest,ap_hi,0.15907346118105886,0.003560960893439284
Random Forest,ap_lo,0.0077493550059335005,0.0007763666926653079
Random Forest,cholesterol,0.0354729546853638,0.001320684944158693
Random Forest,gluc,0.0020733391835985214,0.00044414999898406476
Random Forest,smoke,0.0009166861101448709,0.0002839110760987048
Random Forest,alco,0.0003680961885978884,0.0001867165132282487
Random Forest,active,0.00246253617029103,0.00043338864547665123
Random Forest,BMI,0.0026052995628715993,0.0005331607954695751
XGBoost,AgeinYr,0.037090164117413005,0.001633249368656014
XGBoost,gender,0.0006204999616658102,0.00013845867517967863
XGBoost,height,0.0006279254780491295,0.00033071966576651683
XGBoost,weight,0.002151765818624851,0.000755643615745182
XGBoost,ap_hi,0.17606310007155282,0.004045608739537641
XGBoost,ap_lo,0.0033171413490469593,0.0006641144884778069
XGBoost,cholesterol,0.03252115937303427,0.0012784251673085907
XGBoost,gluc,0.0012651719192547594,0.00019019812224851343
XGBoost,smoke,0.0013168284249234663,0.0003364090855272353
XGBoost,alco,0.0005414067842239078,0.00023298845556331586
XGBoost,active,0.0025521133051518486,0.00042843697594791957
XGBoost,BMI,0.0039314085544415065,0.0005682023245117233
ANN,AgeinYr,0.034497700014070654,0.0017543612004089647
ANN,gender,0.0008372453101033073,0.0001149349717818029
ANN,height,0.0007334571082399655,0.00021770583322319048
ANN,weight,0.0035857547532977653,0.0005502359489995657
ANN,ap_hi,0.16975216060733886,0.0034830629623296082
ANN,ap_lo,0.006261798172827482,0.0009581003898597339
ANN,cholesterol,0.028652688581220463,0.0011855240457926638
ANN,gluc,0.00137069079265304,0.00023355488546663862
ANN,smoke,0.00106250050229858,0.00022406487534150973
ANN,alco,0.0005277655206260446,0.00023141608301664935
ANN,active,0.0024430395388707615,0.00037704305053904666
ANN,BMI,0.002907319817851595,0.00039020749906790197
