Feature,Mean_Absolute_SHAP
numeric__hemo,1.6786163
numeric__sg,0.77724093
numeric__sc,0.559425
numeric__al,0.43778533
numeric__age,0.021253183
numeric__sod,0.019351324
categorical__htn_no,0.015091732
categorical__wc_9000,0.0
categorical__wc_8800,0.0
categorical__wc_9100,0.0
categorical__wc_8600,0.0
categorical__wc_9200,0.0
categorical__wc_9300,0.0
categorical__wc_9400,0.0
categorical__wc_9500,0.0
categorical__wc_9600,0.0
categorical__wc_9700,0.0
categorical__rc_2.1,0.0
categorical__wc_9800,0.0
categorical__wc_9900,0.0
categorical__wc_8400,0.0
categorical__rc_2.3,0.0
categorical__rc_2.6,0.0
categorical__rc_2.7,0.0
categorical__rc_2.8,0.0
categorical__rc_2.9,0.0
categorical__rc_3,0.0
categorical__rc_3.0,0.0
categorical__wc_8500,0.0
categorical__wc_8000,0.0
categorical__wc_8300,0.0
categorical__wc_7000,0.0
categorical__wc_6000,0.0
categorical__wc_6200,0.0
categorical__wc_6300,0.0
categorical__wc_6400,0.0
categorical__wc_6500,0.0
categorical__wc_6600,0.0
categorical__wc_6700,0.0
categorical__wc_6800,0.0
categorical__wc_6900,0.0
categorical__wc_7100,0.0
categorical__wc_8200,0.0
categorical__wc_7200,0.0
categorical__wc_7300,0.0
categorical__wc_7400,0.0
categorical__wc_7500,0.0
categorical__wc_7700,0.0
categorical__wc_7800,0.0
categorical__wc_7900,0.0
categorical__rc_3.2,0.0
categorical__wc_8100,0.0
categorical__rc_3.1,0.0
categorical__rc_3.6,0.0
categorical__rc_3.3,0.0
categorical__rc_8.0,0.0
categorical__rc_5.7,0.0
categorical__rc_5.8,0.0
categorical__rc_5.9,0.0
categorical__rc_6.0,0.0
categorical__rc_6.1,0.0
categorical__rc_6.2,0.0
categorical__rc_6.3,0.0
categorical__rc_6.4,0.0
categorical__rc_6.5,0.0
categorical__htn_yes,0.0
categorical__rc_5.5,0.0
categorical__dm_no,0.0
categorical__dm_yes,0.0
categorical__cad_no,0.0
categorical__cad_yes,0.0
categorical__appet_good,0.0
categorical__appet_poor,0.0
categorical__pe_no,0.0
categorical__pe_yes,0.0
categorical__ane_no,0.0
categorical__rc_5.6,0.0
categorical__rc_5.4,0.0
categorical__rc_3.4,0.0
categorical__rc_4.3,0.0
categorical__rc_3.5,0.0
categorical__wc_5800,0.0
categorical__rc_3.7,0.0
categorical__rc_3.8,0.0
categorical__rc_3.9,0.0
categorical__rc_4,0.0
categorical__rc_4.0,0.0
categorical__rc_4.1,0.0
categorical__rc_4.2,0.0
categorical__rc_4.4,0.0
categorical__rc_5.3,0.0
categorical__rc_4.5,0.0
categorical__rc_4.6,0.0
categorical__rc_4.7,0.0
categorical__rc_4.8,0.0
categorical__rc_4.9,0.0
categorical__rc_5,0.0
categorical__rc_5.0,0.0
categorical__rc_5.1,0.0
categorical__rc_5.2,0.0
categorical__wc_5900,0.0
categorical__wc_5500,0.0
categorical__wc_5700,0.0
categorical__pcv_38,0.0
categorical__pcv_29,0.0
categorical__pcv_30,0.0
categorical__pcv_31,0.0
categorical__pcv_32,0.0
categorical__pcv_33,0.0
categorical__pcv_34,0.0
categorical__pcv_35,0.0
categorical__pcv_36,0.0
categorical__pcv_37,0.0
categorical__pcv_39,0.0
categorical__pcv_27,0.0
categorical__pcv_40,0.0
categorical__pcv_41,0.0
categorical__pcv_42,0.0
categorical__pcv_43,0.0
categorical__pcv_44,0.0
categorical__pcv_45,0.0
categorical__pcv_46,0.0
categorical__pcv_47,0.0
categorical__pcv_48,0.0
categorical__pcv_28,0.0
categorical__pcv_26,0.0
categorical__pcv_50,0.0
categorical__pcc_present,0.0
numeric__su,0.0
numeric__bgr,0.0
numeric__bu,0.0
numeric__pot,0.0
categorical__rbc_abnormal,0.0
categorical__rbc_normal,0.0
categorical__pc_abnormal,0.0
categorical__pc_normal,0.0
categorical__pcc_notpresent,0.0
categorical__ba_notpresent,0.0
categorical__pcv_25,0.0
categorical__ba_present,0.0
categorical__pcv_14,0.0
categorical__pcv_15,0.0
categorical__pcv_18,0.0
categorical__pcv_19,0.0
categorical__pcv_21,0.0
categorical__pcv_22,0.0
categorical__pcv_23,0.0
categorical__pcv_24,0.0
categorical__pcv_49,0.0
categorical__pcv_51,0.0
categorical__wc_5600,0.0
categorical__wc_4100,0.0
categorical__wc_15200,0.0
categorical__wc_15700,0.0
categorical__wc_16700,0.0
categorical__wc_19100,0.0
categorical__wc_21600,0.0
categorical__wc_2200,0.0
categorical__wc_2600,0.0
categorical__wc_26400,0.0
categorical__wc_3800,0.0
categorical__wc_4200,0.0
categorical__wc_14600,0.0
categorical__wc_4300,0.0
categorical__wc_4500,0.0
categorical__wc_4700,0.0
categorical__wc_5000,0.0
categorical__wc_5100,0.0
categorical__wc_5200,0.0
categorical__wc_5300,0.0
categorical__wc_5400,0.0
numeric__bp,0.0
categorical__wc_14900,0.0
categorical__wc_13200,0.0
categorical__pcv_52,0.0
categorical__wc_11000,0.0
categorical__pcv_53,0.0
categorical__pcv_54,0.0
categorical__wc_10200,0.0
categorical__wc_10300,0.0
categorical__wc_10400,0.0
categorical__wc_10500,0.0
categorical__wc_10700,0.0
categorical__wc_10800,0.0
categorical__wc_10900,0.0
categorical__wc_11200,0.0
categorical__wc_12800,0.0
categorical__wc_11300,0.0
categorical__wc_11400,0.0
categorical__wc_11800,0.0
categorical__wc_11900,0.0
categorical__wc_12000,0.0
categorical__wc_12100,0.0
categorical__wc_12200,0.0
categorical__wc_12400,0.0
categorical__wc_12500,0.0
categorical__ane_yes,0.0
