Feature,Importance_Mean,Importance_SD
ST_Slope,0.10043041606886667,0.01792754546586553
ChestPainType,0.023852223816355878,0.01067949416981663
Sex,0.018208990913438604,0.006284138752623397
Oldpeak,0.014215686274509887,0.0067951650514574535
ExerciseAngina,0.007018173122907784,0.0031965484074155098
FastingBS,0.006826877092300393,0.004782684711800137
Cholesterol,0.003933524629363994,0.0035102422537824705
RestingBP,0.0027439024390244647,0.0024433794611130114
MaxHR,0.0022058823529412406,0.006177965370469226
Age,0.002020564323290369,0.002728458132934899
RestingECG,0.001076040172166487,0.0010340386566446784
